"ownerName1","mainToon"
"bengermin hunter","dilrazek"
"Blindwillow","Blindwillow"
"Peneli","Blindwillow"
"Gynax Gallenor","Gynax Gallenor"
"Oma Cron","Oma Cron"
"Rebecca Wilde","Varos Kang"
"dilrazek","dilrazek"
"Lumierre Carmody","Lumierre Carmody"
"Kai-Lo Darklighter","Kai-Lo Darklighter"
"Jade Antilles","Kai-Lo Darklighter"
"Sputnik Sweetheart Soikutsu","Blindwillow"
"Hansolo1977","Hansolo1977"
"Dread Pirate Fred","Varos Kang"
"Dread Pirate Kendra","Varos Kang"
"Varos Kang","Varos Kang"
"Armin Legg","Oma Cron"
"Hecate Lamia","Hansolo1977"
"Aiko Kurushio","Aiko Kurushio"
"Akane Kurushio","Aiko Kurushio"
"Italian Chandelier","Aiko Kurushio"
"Martin Sonderberg","Aiko Kurushio"
"Malromen","Malromen"
"Shaku Maku","Alyxxa"
"Alyxxa","Alyxxa"
"Pflepsen","Pflepsen"
"Lia Sanuki","Aiko Kurushio"
"Tikop","Tikop"
"Dport","Dport"
"Avi Padecain","Avi Padecain"
"Fish TulakHorde","Fish TulakHorde"
"Rivil Charante","Rivil Charante"
"pflep","pflep"
"Cervantacles","Cervantacles"
"Connall Tara","Connall Tara"
"Einarjar","Einarjar"
"TimmyHorton","TimmyHorton"
"Sidi'Novis Tallon","Sidi'Novis Tallon"
"Tandail","Tandail"
